post_id,title,category,score,comments,author,collected_at
48086190,Hardware Attestation as Monopoly Enabler,worldnews,1083,378,ChuckMcM,2026-05-11T05:08:06+00:00
48085821,Local AI needs to be the norm,technology,772,350,cylo,2026-05-11T05:08:06+00:00
48090521,The Greatest Shot in Television: James Burke Had One Chance to Nail This Scene,technology,46,18,susam,2026-05-11T05:08:06+00:00
48090029,I'm going back to writing code by hand,technology,147,60,dropbox_miner,2026-05-11T05:08:06+00:00
48089091,Running local models on an M4 with 24GB memory,other,182,67,shintoist,2026-05-11T05:08:06+00:00
48086082,Incident Report: CVE-2024-YIKES,other,449,112,miniBill,2026-05-11T05:08:06+00:00
48088576,Obsidian plugin was abused to deploy a remote access trojan,other,120,64,cmbailey,2026-05-11T05:08:06+00:00
48089289,"An AI coding agent, used to write code, needs to reduce your maintenance costs",technology,74,13,cratermoon,2026-05-11T05:08:06+00:00
48090276,Show HN: adamsreview – better multi-agent PR reviews for Claude Code,technology,6,0,adamthegoalie,2026-05-11T05:08:06+00:00
48085993,Ask HN: What are you working on? (May 2026),other,154,544,david927,2026-05-11T05:08:06+00:00
48050666,First tunnel element of the Fehmarnbelt Tunnel immersed,other,65,13,robin_reala,2026-05-11T05:08:06+00:00
48058757,dBase: 1979-2026,other,27,8,deeaceofbase,2026-05-11T05:08:06+00:00
48067698,Guy Goma's Accidental BBC Interview Lives on After 20 Years,other,77,15,nxobject,2026-05-11T05:08:06+00:00
48076629,Shelf Source: Tom MacWright,other,6,0,tobr,2026-05-11T05:08:06+00:00
48089049,"How Fast Does Claude, Acting as a User Space IP Stack, Respond to Pings?",science,29,4,adunk,2026-05-11T05:08:06+00:00
48089263,PS3 Emulator Devs Politely Ask That People Stop Flooding It with AI PRs,technology,119,76,stalfosknight,2026-05-11T05:08:06+00:00
48056639,The people preserving the scientific practice of bird banding,other,42,0,bookofjoe,2026-05-11T05:08:06+00:00
48085782,Traces Of Humanity,other,134,20,alex77456,2026-05-11T05:08:06+00:00
48073201,I returned to AWS and was reminded why I left,other,691,499,andrewstuart,2026-05-11T05:08:06+00:00
48061556,Eight More '8-Bit Era' Microprocessors,other,63,16,klelatti,2026-05-11T05:08:06+00:00
48088151,Maryland citizens hit with $2B power grid upgrade for out-of-state AI,technology,194,105,lemonberry,2026-05-11T05:08:06+00:00
48061602,"Stop MitM on the first SSH connection, on any VPS or cloud provider",technology,94,56,JoachimSchipper,2026-05-11T05:08:06+00:00
48085055,The locals don't know,other,117,85,herbertl,2026-05-11T05:08:06+00:00
48066044,Conway's Law and Cross-Hatching,other,3,0,weatherreport,2026-05-11T05:08:06+00:00
48075429,"Walking slower? Your ears, not your knees, might be the problem",other,100,66,marc__1,2026-05-11T05:08:06+00:00
48047930,Idempotency is easy until the second request is different,other,295,174,ludovicianul,2026-05-11T05:08:06+00:00
48064789,Lakebase architecture delivers faster Postgres writes,other,106,31,sp_from_db,2026-05-11T05:08:06+00:00
48082396,Think Linear Algebra (2023),other,182,22,tamnd,2026-05-11T05:08:06+00:00
48081469,Task Paralysis and AI,technology,213,109,MrGilbert,2026-05-11T05:08:06+00:00
48083007,What's a mathematician to do? (2010),other,161,78,ipnon,2026-05-11T05:08:06+00:00
48084432,Louis Rossmann offers to pay legal fees for a threatened OrcaSlicer developer,other,509,275,iancmceachern,2026-05-11T05:08:06+00:00
48083580,Show HN: An index of indie web/blog indexes,entertainment,109,37,rocketpastsix,2026-05-11T05:08:06+00:00
48087339,The Struggle Is Gone,other,26,8,matthewsharpe3,2026-05-11T05:08:06+00:00
48082968,Space Cadet Pinball on Linux,sports,321,109,jandeboevrie,2026-05-11T05:08:06+00:00
48070436,James Schuyler's Genius,other,7,0,Thevet,2026-05-11T05:08:06+00:00
48071262,A recent experience with ChatGPT 5.5 Pro,other,687,516,_alternator_,2026-05-11T05:08:06+00:00
48087863,Nuke All Routers,other,12,1,nunobrito,2026-05-11T05:08:06+00:00
48084547,Shunting-Yard Animation,other,62,16,s1291,2026-05-11T05:08:06+00:00
48085330,Spain has become one of Europe’s cheapest power markets,technology,151,124,marc__1,2026-05-11T05:08:06+00:00
48089641,Energy Prices Are Driving Demand for Solar Panels and Heat Pumps,other,20,10,lxm,2026-05-11T05:08:06+00:00
48080702,Gemini API File Search is now multimodal,technology,145,42,gmays,2026-05-11T05:08:06+00:00
48073680,Bun's experimental Rust rewrite hits 99.8% test compatibility on Linux x64 glibc,other,690,669,heldrida,2026-05-11T05:08:06+00:00
48082039,Rotten Dot Com,other,106,114,lordgrenville,2026-05-11T05:08:06+00:00
48076815,"Show HN: I made a Clojure-like language in Go, boots in 7ms",entertainment,251,80,marcingas,2026-05-11T05:08:06+00:00
48048684,The One Dollar Counterfeiter,other,336,134,cainxinth,2026-05-11T05:08:06+00:00
48083814,"BLAS, Lapack and OpenMP",other,26,0,tosh,2026-05-11T05:08:06+00:00
48082021,LLMorphism: When humans come to see themselves as language models,technology,75,50,okey,2026-05-11T05:08:06+00:00
48080587,Show HN: Building a web server in assembly to give my life (a lack of) meaning,entertainment,392,213,imtomt,2026-05-11T05:08:06+00:00
48039249,"I'm writing a history of Visual Basic, Chapter 1 is up",other,154,78,speckx,2026-05-11T05:08:06+00:00
48049577,The river otter's remarkable comeback,other,84,19,surprisetalk,2026-05-11T05:08:06+00:00
48074265,Internet Archive Switzerland,other,682,108,hggh,2026-05-11T05:08:06+00:00
48083919,Academic Research Skills for Claude Code,technology,78,26,arnon,2026-05-11T05:08:06+00:00
48067119,Google broke reCAPTCHA for de-googled Android users,other,1518,567,anonymousiam,2026-05-11T05:08:06+00:00
48078575,Show HN: Rust but Lisp,entertainment,194,69,thatxliner,2026-05-11T05:08:06+00:00
48084710,Chrome's AI features may be hogging 4GB of your computer storage,technology,101,54,birdculture,2026-05-11T05:08:06+00:00
48079425,Show HN: Countries where you can leave your MacBook at a random coffee shop,entertainment,51,63,canergl,2026-05-11T05:08:06+00:00
48089237,Rep. Crane Introduces Legislation to Pause and Reform the Broken H-1B Visa,other,18,4,rawgabbit,2026-05-11T05:08:06+00:00
48076465,CPanel's Black Week: 3 New Vulnerabilities Patched After Attack on 44k Servers,worldnews,140,76,ggallas,2026-05-11T05:08:06+00:00
48076173,I’ve banned query strings,other,548,281,susam,2026-05-11T05:08:06+00:00
48048902,Making your own programming language is easier than you think (but also harder),other,129,74,ibobev,2026-05-11T05:08:06+00:00
48048407,Casio S100X Japanese Lacquer Edition (JP Page Only),other,311,147,dr_kiszonka,2026-05-11T05:08:06+00:00
48049828,The Serial TTL connector we deserve,other,99,75,kohlschuetter,2026-05-11T05:08:06+00:00
48087261,SpaceX wants to launch a million satellites,science,44,103,billybuckwheat,2026-05-11T05:08:06+00:00
48082676,Replacing a 3 GB SQLite db with a 10 MB FST (finite state transducer) binary,other,172,30,hiAndrewQuinn,2026-05-11T05:08:06+00:00
48067786,Production engineering when trading billions of dollars a day [video],other,140,46,abstrus,2026-05-11T05:08:06+00:00
48089098,Riding the D in Los Angeles: city hopes new subway stations will be game changer,sports,17,3,raybb,2026-05-11T05:08:06+00:00
48081245,Debian must ship reproducible packages,other,347,142,robalni,2026-05-11T05:08:06+00:00
48038573,The first microcomputer: The transfluxor-powered Arma Micro Computer from 1962,technology,71,3,rsecora,2026-05-11T05:08:06+00:00
48077395,Surfel-based global illumination on the web,worldnews,72,10,vmg12,2026-05-11T05:08:06+00:00
48032968,Singapore introduces caning for boys who bully others at school,other,384,621,rustoo,2026-05-11T05:08:06+00:00
48037517,What causes lightning? The answer keeps getting more interesting,other,229,49,Tomte,2026-05-11T05:08:06+00:00
48037243,America's carpet capital: an empire and its toxic legacy,technology,182,109,rawgabbit,2026-05-11T05:08:06+00:00
48072190,"EU Parliamentary Research Service calls VPNs ""a loophole that needs closing""",science,628,430,muse900,2026-05-11T05:08:06+00:00
48074087,Forking the Web,other,140,135,wrxd,2026-05-11T05:08:06+00:00
48085095,GitHub is sinking,other,219,143,herbertl,2026-05-11T05:08:06+00:00
48073246,LLMs corrupt your documents when you delegate,technology,465,189,rbanffy,2026-05-11T05:08:06+00:00
48037223,"We see something that works, and then we understand it",other,207,81,surprisetalk,2026-05-11T05:08:06+00:00
48075366,Distributing Mac software is increasing my cortisol levels,technology,387,273,LorenDB,2026-05-11T05:08:06+00:00
48077126,Meta's embrace of AI is making its employees miserable,technology,436,511,JumpCrisscross,2026-05-11T05:08:06+00:00
48085441,"Wall Street lawyers aided insider trading ring, say US prosecutors",technology,37,4,johnbarron,2026-05-11T05:08:06+00:00
48080221,Sparse Cholesky Elimination Tree,other,40,3,selimthegrim,2026-05-11T05:08:06+00:00
48088343,Why modern parents feel more sleep deprived than our ancestors did,other,78,90,1659447091,2026-05-11T05:08:06+00:00
48084315,Chindogu: Weird and Useless Japanese Inventions,other,78,19,ethanpil,2026-05-11T05:08:06+00:00
48076651,Zed Editor Theme-Builder,other,271,79,cuechan,2026-05-11T05:08:06+00:00
48061884,David Attenborough's 100th Birthday,other,870,161,defrost,2026-05-11T05:08:06+00:00
48048679,How LEDs are made (2014),other,142,21,smig0,2026-05-11T05:08:06+00:00
48071940,Using Claude Code: The unreasonable effectiveness of HTML,technology,510,270,pretext,2026-05-11T05:08:06+00:00
48054423,Cloudflare to cut about 20% of its workforce,technology,1335,983,PriorityLeft,2026-05-11T05:08:06+00:00
48077971,Local privilege escalation via execve(),other,216,101,Deeg9rie9usi,2026-05-11T05:08:06+00:00
48087925,Ask HN: Will low quality AI customer support be the new normal?,technology,19,10,0-bad-sectors,2026-05-11T05:08:06+00:00
48074952,The hypocrisy of cyberlibertarianism,other,407,372,ColinWright,2026-05-11T05:08:06+00:00
48060054,Ask HN: We just had an actual UUID v4 collision...,other,447,328,mittermayr,2026-05-11T05:08:06+00:00
48042817,The Disappearance of the Public Bench,other,169,228,cainxinth,2026-05-11T05:08:06+00:00
48086438,Adventures in Science Fiction Cover Art: Inside the Skull,other,7,0,jruohonen,2026-05-11T05:08:06+00:00
48087379,Canada's unemployment rate rises to 6.9% as economy sheds more jobs,other,25,3,geox,2026-05-11T05:08:06+00:00
48075528,PipeDream on the Acorn Archimedes,other,83,53,msephton,2026-05-11T05:08:06+00:00
48078811,France moves to break encrypted messaging,other,272,128,Cider9986,2026-05-11T05:08:06+00:00
48051951,OpenAI’s WebRTC problem,technology,502,146,atgctg,2026-05-11T05:08:06+00:00
48051079,Hardening Firefox with Claude Mythos Preview,other,378,167,HieronymusBosch,2026-05-11T05:08:06+00:00
48053570,Decoding raw digital photos in Linux (1997),other,6,1,weinzierl,2026-05-11T05:08:06+00:00
48084131,"Oil-price bets ahead of Iran war news totalled $7B, reporting shows",worldnews,44,6,geox,2026-05-11T05:08:06+00:00
48085332,I have seen the dystopian future of elderly care,other,37,34,thm,2026-05-11T05:08:06+00:00
48046436,Mythical Man Month,other,390,208,ingve,2026-05-11T05:08:06+00:00
48088672,Checkmate in Iran,other,14,3,xqcgrek2,2026-05-11T05:08:06+00:00
48065254,Can LLMs model real-world systems in TLA+?,technology,121,32,mad,2026-05-11T05:08:06+00:00
48040412,Reviving the IBM Selectric Composer Fonts (2023),other,78,9,tangus,2026-05-11T05:08:06+00:00
48075144,GrapheneOS fixes Android VPN leak Google refused to patch,other,339,125,Georgelemental,2026-05-11T05:08:06+00:00
48077966,I caught the car,other,50,59,holden_nelson,2026-05-11T05:08:06+00:00
48047280,Removing fsync from our local storage engine,other,66,72,zzsheng,2026-05-11T05:08:06+00:00
48073394,Killswitch: Per-function short-circuit mitigation primitive,other,85,23,signa11,2026-05-11T05:08:06+00:00
48037555,Valve releases Steam Controller CAD files under Creative Commons license,sports,1736,591,haunter,2026-05-11T05:08:06+00:00
48055913,Canvas online again as ShinyHunters threatens to leak schools’ data,technology,916,633,stefanpie,2026-05-11T05:08:06+00:00
48084170,Ranking 1k ShowHN posts by estimated merit using an LLM judge and TrueSkill,technology,6,2,mrkn1,2026-05-11T05:08:06+00:00
48082457,A clock that maps Earth's 4.5B year history onto 12 hours. 1s=0.105Myears,other,8,0,Eridanus2,2026-05-11T05:08:06+00:00
48067496,Apple Is Holding My Pictures Hostage Until I Accept Their New Terms of Service,other,126,68,ibobev,2026-05-11T05:08:06+00:00
48084350,Taxpayers May Be Eligible for Significant Tax Refunds – If They Act by July 10,other,60,37,goldfishgold,2026-05-11T05:08:06+00:00
48085971,"Dark Star (Film, 1974)",entertainment,24,5,maxall4,2026-05-11T05:08:06+00:00
48061566,An Introduction to Meshtastic,other,513,185,ColinWright,2026-05-11T05:08:06+00:00
48040470,Light without electricity? Glowing algae could make it possible,other,108,36,geox,2026-05-11T05:08:06+00:00
48075500,Nvidia Goes to Zero. – By JA Westenberg – Selfonomics,other,44,6,tambourine_man,2026-05-11T05:08:06+00:00
48037760,Wi is Fi: Understanding Wi-Fi 4/5/6/6E/7/8 (802.11 n/AC/ax/be/bn),other,400,102,homebrewer,2026-05-11T05:08:06+00:00
48075059,Show HN: Mochi.js: bun-native high-fidelity browser automation library,entertainment,44,19,ccheshirecat,2026-05-11T05:08:06+00:00
48062117,Poland is now among the 20 largest economies,other,1043,854,surprisetalk,2026-05-11T05:08:06+00:00
48060918,GeoJSON,other,168,75,tosh,2026-05-11T05:08:06+00:00
48036356,Random tie knots (2014),other,20,1,surprisetalk,2026-05-11T05:08:06+00:00
48049890,The ROKR wooden typewriter: a closer look,other,33,4,speckx,2026-05-11T05:08:06+00:00
48042204,Making Julia as Fast as C++ (2019),other,85,62,d_tr,2026-05-11T05:08:06+00:00
48037336,Rumors of my death are slightly exaggerated,other,1641,251,CliffStoll,2026-05-11T05:08:06+00:00
48063521,PC Engine CPU,other,144,69,ibobev,2026-05-11T05:08:06+00:00
48056227,Maybe you shouldn't install new software for a bit,technology,848,461,psxuaw,2026-05-11T05:08:06+00:00
48087887,Linux gaming is faster because Windows APIs are becoming Linux kernel features,technology,13,7,haunter,2026-05-11T05:08:06+00:00
48037655,All means are fair except solving the problem,technology,82,54,akkartik,2026-05-11T05:08:06+00:00
48053623,Dirty Frag: Universal Linux LPE,other,815,327,flipped,2026-05-11T05:08:06+00:00
48078647,Getting arrested in Japan,other,243,298,bane,2026-05-11T05:08:06+00:00
48066524,AI is breaking two vulnerability cultures,technology,423,170,speckx,2026-05-11T05:08:06+00:00
48057901,Mojo 1.0 Beta,other,371,234,sbt567,2026-05-11T05:08:06+00:00
48082617,"""openai.com"" was once the personal homepage of a guy named glenn",technology,43,6,ndr42,2026-05-11T05:08:06+00:00
48049653,The map that keeps Burning Man honest,other,764,349,speckx,2026-05-11T05:08:06+00:00
48065360,Cartoon Network Flash Games,sports,414,129,willmeyers,2026-05-11T05:08:06+00:00
48057209,GPT-5.5 Price Increase: What It Costs,other,212,69,gmays,2026-05-11T05:08:06+00:00
48059662,ClojureScript Gets Async/Await,technology,275,72,Borkdude,2026-05-11T05:08:06+00:00
48086558,MIT researchers revive 40 year old triangular zipper concept,science,9,0,MassPikeMike,2026-05-11T05:08:06+00:00
48045384,Building the TD4 4-Bit CPU,other,60,19,zdw,2026-05-11T05:08:06+00:00
48045939,Show HN: TRUST – Coding Rust like it's 1989,entertainment,162,87,wojtczyk,2026-05-11T05:08:06+00:00
48045205,Immer: Immutability the easy way (2018),other,14,2,nateb2022,2026-05-11T05:08:06+00:00
48084258,Nayuta Space Is Building Bellyflopping Rocket Boosters,science,6,0,JPLeRouzic,2026-05-11T05:08:06+00:00
48080368,Superintelligent Retrieval Agent: The Next Frontier of Information Retrieval,other,14,0,CharlesW,2026-05-11T05:08:06+00:00
48045778,The surprisingly complex journey to text-selectable client-side generated PDFs,other,84,62,FailMore,2026-05-11T05:08:06+00:00
48043964,RSS feeds send me more traffic than Google,other,290,77,SpyCoder77,2026-05-11T05:08:06+00:00
48040306,Bitter Lessons from the ISSpresso,other,133,41,zdw,2026-05-11T05:08:06+00:00
48086278,"Al-Khwarizmi didn't in any way originate, invent or create the algorithm",worldnews,16,1,leephillips,2026-05-11T05:08:06+00:00
48038001,Appearing productive in the workplace,other,1614,645,diebillionaires,2026-05-11T05:08:06+00:00
48053203,AI slop is killing online communities,technology,828,719,thm,2026-05-11T05:08:06+00:00
48088974,Proprioception,other,5,0,andsoitis,2026-05-11T05:08:06+00:00
48062745,Podman rootless containers and the Copy Fail exploit,technology,138,24,ggpsv,2026-05-11T05:08:06+00:00
48032014,The soul of maintaining a new machine,technology,95,8,akkartik,2026-05-11T05:08:06+00:00
48066592,Teaching Claude Why,other,261,154,pretext,2026-05-11T05:08:06+00:00
48069192,Meta Shuts Down End-to-End Encryption for Instagram Messaging,other,330,221,tcp_handshaker,2026-05-11T05:08:06+00:00
48085384,"Remind HN: Today is Mother's Day, call your moms",other,349,146,rationalist,2026-05-11T05:08:06+00:00
48065916,How do I deal with memory leaks? (2022),other,96,74,theanonymousone,2026-05-11T05:08:06+00:00
48083803,Running local models on an M4 with 24GB memory,other,4,0,joladev,2026-05-11T05:08:06+00:00
48052656,A construction of the Hat tilings by a Markov partition,other,10,2,robinhouston,2026-05-11T05:08:06+00:00
48019219,Google Chrome silently installs a 4 GB AI model on your device without consent,technology,1744,1139,john-doe,2026-05-11T05:08:06+00:00
48085351,Axboe Hacking on New Linux Patches for 60% Increase to Per-Core I/O Performance,other,10,0,Bender,2026-05-11T05:08:06+00:00
48076009,Introduction to Beaver Triples,other,25,12,badcryptobitch,2026-05-11T05:08:06+00:00
48083997,A Declaration of the Independence of Cyberspace,science,18,4,andsoitis,2026-05-11T05:08:06+00:00
48074511,CAD and Cam Applications on HP-UX Unix Workstations,other,28,3,naves,2026-05-11T05:08:06+00:00
48068254,When is your birthday? The math behind hash collisions,other,66,21,denismenace,2026-05-11T05:08:06+00:00
48040269,Programming Still Sucks,other,716,329,jeromechoo,2026-05-11T05:08:06+00:00
48053842,Two Home Affairs officials suspended after AI 'hallucinations' found,technology,140,39,jruohonen,2026-05-11T05:08:06+00:00
48058197,AWS North Virginia data center outage – resolved,technology,264,196,christhecaribou,2026-05-11T05:08:06+00:00
48085736,A decade of flying Spirit Airlines,technology,10,0,jackconsidine,2026-05-11T05:08:06+00:00
48049014,Looking at the data behind prediction markets,technology,116,48,kqr,2026-05-11T05:08:06+00:00
48050499,I want to live like Costco people,other,341,719,speckx,2026-05-11T05:08:06+00:00
48042434,SQLite Is a Library of Congress Recommended Storage Format,other,657,192,whatisabcdefgh,2026-05-11T05:08:06+00:00
48086863,Chris Hohn's hedge fund slashes $8B MS stake in warning over AI disruption,technology,7,1,croes,2026-05-11T05:08:06+00:00
48059633,QBE – Compiler Back End,other,95,27,smartmic,2026-05-11T05:08:06+00:00
48061938,US Government releases first batch of UAP documents and videos,worldnews,332,528,david-gpu,2026-05-11T05:08:06+00:00
48032393,Inventing Cyrillic (2024),other,50,109,lermontov,2026-05-11T05:08:06+00:00
48056749,GNU IFUNC is the real culprit behind CVE-2024-3094,other,131,66,foltik,2026-05-11T05:08:06+00:00
48088528,"Amazon uses its logistics empire to take on UPS and FedEx in freight, shipping",other,3,1,TMWNN,2026-05-11T05:08:06+00:00
48054154,Cooking the Hashish Cookbook,entertainment,9,3,benbreen,2026-05-11T05:08:06+00:00
48075340,Show HN: Create flashcards with Space CLI,science,21,10,friebetill,2026-05-11T05:08:06+00:00
48067734,You gave me a u32. I gave you root. (io_uring ZCRX freelist LPE),other,213,141,MrBruh,2026-05-11T05:08:06+00:00
48076798,VGA Memory Access Is Complicated,other,14,3,ingve,2026-05-11T05:08:06+00:00
48056268,Plasticity and language in the anaesthetized human hippocampus,other,148,62,hhs,2026-05-11T05:08:06+00:00
48047082,ZAYA1-8B matches DeepSeek-R1 on math with less than 1B active parameters,other,116,55,steveharing1,2026-05-11T05:08:06+00:00
48083043,Germany's Decline in Data,technology,4,0,mpweiher,2026-05-11T05:08:06+00:00
48088393,Apple Store education purchase verification process expands to US,other,6,0,apparent,2026-05-11T05:08:06+00:00
48065511,The React2Shell Story,other,221,47,mufeedvh,2026-05-11T05:08:06+00:00
48009879,Dithering with CSS,other,114,29,speckx,2026-05-11T05:08:06+00:00
48064312,Serving a website on a Raspberry Pi Zero running in RAM,other,248,97,xngbuilds,2026-05-11T05:08:06+00:00
48038322,PortalVR Motion – use any VR content in 2D with 3D tracked Joy-Cons,other,43,5,gfodor,2026-05-11T05:08:06+00:00
48045012,"Diskless Linux boot using ZFS, iSCSI and PXE",other,205,102,stereo-highway,2026-05-11T05:08:06+00:00
48051562,"Agents need control flow, not more prompts",other,586,292,bsuh,2026-05-11T05:08:06+00:00
48063548,Show HN: Git for AI Agents,technology,119,65,doshay,2026-05-11T05:08:06+00:00
48067764,Roadside Attraction,other,40,8,aways,2026-05-11T05:08:06+00:00
48080675,Show HN: Modafinil - Let agents continue running while MacBook lid is closed,entertainment,14,24,hamza_q_,2026-05-11T05:08:06+00:00
48050964,Chrome removes claim of On-device Al not sending data to Google Servers,technology,628,246,newsoftheday,2026-05-11T05:08:06+00:00
48049764,The Self-Cancelling Subscription,other,185,75,surprisetalk,2026-05-11T05:08:06+00:00
48021023,A polynomial autoencoder beats PCA on transformer embeddings,technology,106,36,timvisee,2026-05-11T05:08:06+00:00
48046397,Making LLM Training Faster with Unsloth and NVIDIA,technology,127,25,segmenta,2026-05-11T05:08:06+00:00
48058644,Blaise – A modern self-hosting zero-legacy Object Pascal compiler targeting QBE,technology,104,53,peter_d_sherman,2026-05-11T05:08:06+00:00
48010729,RaTeX: KaTeX-compatible LaTeX rendering engine in pure Rust,other,184,99,atilimcetin,2026-05-11T05:08:06+00:00
48052371,Brazil's Pix payment system faces pressure from Visa and Mastercard,other,395,376,wslh,2026-05-11T05:08:06+00:00
48089018,Canada admits bill C-22 would allow govt to secretly order microphone activation,other,11,1,CGMthrowaway,2026-05-11T05:08:06+00:00
48052333,Principles for agent-native CLIs,other,110,50,blumpy22,2026-05-11T05:08:06+00:00
48082152,Outlook on Windows silently scales your email by 1.5×,technology,4,0,rudixworld,2026-05-11T05:08:06+00:00
48050751,DeepSeek 4 Flash local inference engine for Metal,other,493,157,tamnd,2026-05-11T05:08:06+00:00
48032381,The Trail of Jeremiah,technology,9,0,samclemens,2026-05-11T05:08:06+00:00
48037128,Vibe coding and agentic engineering are getting closer than I'd like,other,781,882,e12e,2026-05-11T05:08:06+00:00
48051080,Authorities say Flock cameras' data allegedly used for immigration enforcement,technology,91,52,pseudolus,2026-05-11T05:08:06+00:00
48067686,My first in-prod corrupted hard drive problem,other,47,34,r1chk1t,2026-05-11T05:08:06+00:00
48035420,Pinocchio is weirder than you remembered,other,305,129,cemsakarya,2026-05-11T05:08:06+00:00
48043002,Show HN: Free tool to mark points and polygon regions,entertainment,20,6,magikMaker,2026-05-11T05:08:06+00:00
48056158,Nonprofit hospitals spend billions on consultants with no clear effect,other,204,80,hhs,2026-05-11T05:08:06+00:00
48077947,Lobotomized Claude Code and it works better,technology,14,3,skrabe,2026-05-11T05:08:06+00:00
48036746,"How to make SSE token streams resumable, cancellable, and multi-device",other,77,12,zknill,2026-05-11T05:08:06+00:00
48050278,AlphaEvolve: Gemini-powered coding agent scaling impact across fields,other,326,148,berlianta,2026-05-11T05:08:06+00:00
48075333,"Show HN: Chuchu, an Android SSH client built on libghostty",entertainment,11,2,jossephus01,2026-05-11T05:08:06+00:00
48072720,"All my clients wanted a carousel, now it's an AI chatbot",technology,186,77,edent,2026-05-11T05:08:06+00:00
48053770,Creating for a niche,other,83,7,snide,2026-05-11T05:08:06+00:00
48031684,"Agents can now create Cloudflare accounts, buy domains, and deploy",technology,657,369,rolph,2026-05-11T05:08:06+00:00
48047528,A new hash table for Lwan,other,14,2,g0xA52A2A,2026-05-11T05:08:06+00:00
48065203,Show HN: GETadb.com – every GET request creates a DB,entertainment,38,43,nezaj,2026-05-11T05:08:06+00:00
48008999,Indian matchbox labels as a visual archive,other,166,33,sahar_builds,2026-05-11T05:08:06+00:00
48012649,Chevrolet Performance eCrate package (400v/200hp),other,168,153,mindcrime,2026-05-11T05:08:06+00:00
48049208,Child marriages plunged when girls stayed in school in Nigeria,other,387,313,surprisetalk,2026-05-11T05:08:06+00:00
48066169,"Apple, Intel have reached preliminary chip-making deal",other,227,144,scrlk,2026-05-11T05:08:06+00:00
48023496,Show HN: Airbyte Agents – context for agents across multiple data sources,technology,150,47,mtricot,2026-05-11T05:08:06+00:00
48037724,"Show HN: Tilde.run – Agent sandbox with a transactional, versioned filesystem",entertainment,200,133,ozkatz,2026-05-11T05:08:06+00:00
48085825,My writing students were using AI. Their confessions led to a teaching moment,technology,17,3,spzb,2026-05-11T05:08:06+00:00
48070022,Show HN: CADara – I made an open-source in-browser CAD,entertainment,34,10,ttouch,2026-05-11T05:08:06+00:00
48068947,Non-determinism is an issue with patching CVEs,other,49,13,mathewpregasen,2026-05-11T05:08:06+00:00
48021901,Community firmware for the Xteink X4 e-paper reader,worldnews,154,65,dmos62,2026-05-11T05:08:06+00:00
48031261,StarFighter 16-Inch,other,683,385,signa11,2026-05-11T05:08:06+00:00
48082763,Israel's AI targeting system: data from a phone become a death sentence,technology,44,6,YeGoblynQueenne,2026-05-11T05:08:06+00:00
48036289,Man finds $1M worth of Yu-Gi-Oh cards in a dumpster,other,180,53,danso,2026-05-11T05:08:06+00:00
48052537,Natural Language Autoencoders: Turning Claude's Thoughts into Text,technology,367,119,instagraham,2026-05-11T05:08:06+00:00
48029261,SingleRide: Longest route on NYC Subway without visiting the same station twice,other,98,52,TMWNN,2026-05-11T05:08:06+00:00
48057842,Claude Code CVE-2026-39861:sandbox escape via symlink,technology,51,9,Armor1AI,2026-05-11T05:08:06+00:00
48026412,PySimpleGUI 6,other,105,60,geophph,2026-05-11T05:08:06+00:00
48074829,Read Programming as Theory Building,other,82,19,birdculture,2026-05-11T05:08:06+00:00
48084491,Disgraced US gov software contractor found guilty of database destruction,technology,10,0,Bender,2026-05-11T05:08:06+00:00
48024540,Accelerating Gemma 4: faster inference with multi-token prediction drafters,other,685,328,amrrs,2026-05-11T05:08:06+00:00
48007438,Talking to strangers at the gym,other,1543,753,thitran,2026-05-11T05:08:06+00:00
48062178,A web page that shows you everything the browser told it without asking,entertainment,608,292,mwheelz,2026-05-11T05:08:06+00:00
48069487,GrapheneOS isn't vulnerable to the 3 recent Linux memory logic vulnerabilities,other,43,3,Cider9986,2026-05-11T05:08:06+00:00
48065138,I didn't think I could get addicted to weed,other,36,41,n1b0m,2026-05-11T05:08:06+00:00
48034762,Setting up a Sun Ray server on OpenIndiana Hipster 2025.10,other,145,52,jandeboevrie,2026-05-11T05:08:06+00:00
47996668,Virtual violin produces realistic sounds,other,95,75,gmays,2026-05-11T05:08:06+00:00
48040465,OpenBSD Stories: The closest thing to cute kittens (OpenBSD/zaurus),other,77,10,zdw,2026-05-11T05:08:06+00:00
48044638,Permacomputing Principles,other,269,209,andsoitis,2026-05-11T05:08:06+00:00
48047826,"Agent-harness-kit scaffolding for multi-agent workflows (MCP, provider-agnostic)",other,82,23,enmanuelmag,2026-05-11T05:08:06+00:00
48027897,DNSSEC disruption affecting .de domains – Resolved,technology,746,408,warpspin,2026-05-11T05:08:06+00:00
48062606,Human typing habits and token counts,other,30,6,ppipada,2026-05-11T05:08:06+00:00
48027455,A Theory of Deep Learning,other,243,62,elonlit,2026-05-11T05:08:06+00:00
48005432,CARA 2.0 – “I Built a Better Robot Dog”,other,475,64,hakonjdjohnsen,2026-05-11T05:08:06+00:00
48043184,What British people mean when they say 'sorry',other,120,110,BiraIgnacio,2026-05-11T05:08:06+00:00
48080662,"MCP for sandboxed, reproducible envs for agentic-first coding workflows",other,12,1,anionyt,2026-05-11T05:08:06+00:00
48058337,Digging into Drama at the Document Foundation,other,56,10,signa11,2026-05-11T05:08:06+00:00
48017907,Hand Drawn QR Codes (2025),technology,230,45,jollyjerry,2026-05-11T05:08:06+00:00
48045174,ProgramBench: Can language models rebuild programs from scratch?,other,149,79,jonbaer,2026-05-11T05:08:06+00:00
48011077,Wolfenstein 3D for Gameboy Color on custom cartridge (2016),sports,148,36,ksymph,2026-05-11T05:08:06+00:00
48032069,Pen pal programs endure in a digital age,other,91,21,petethomas,2026-05-11T05:08:06+00:00
48037009,Ted Turner has died,other,293,242,pseudolus,2026-05-11T05:08:06+00:00
48019025,Lessons for Agentic Coding: What should we do when code is cheap?,technology,269,238,ingve,2026-05-11T05:08:06+00:00
48027275,Tools in the Grass: Raising the next generation of crafts person,technology,53,6,NaOH,2026-05-11T05:08:06+00:00
48083614,How much electricity does AI consume?,technology,7,1,mef,2026-05-11T05:08:06+00:00
47997915,Wiki Builder: Skill to Build LLM Knowledge Bases,technology,134,19,omarsar,2026-05-11T05:08:06+00:00
48078113,TypeScript checker and language service written in Rust,other,6,0,jcbhmr,2026-05-11T05:08:06+00:00
48078891,10 Trillion downloads are crushing open-source repositories,other,26,3,gpi,2026-05-11T05:08:06+00:00
48069913,Jetro – JSON query engine for Rust (jq-like DSL with compilation and VM),other,15,3,mitghi,2026-05-11T05:08:06+00:00
48036622,Los Alamos and the long path to detecting neutrinos,other,44,5,LAsteNERD,2026-05-11T05:08:06+00:00
48063199,Google Cloud Fraud Defence is just WEI repackaged,technology,701,359,ribtoks,2026-05-11T05:08:06+00:00
48036190,OurCar: What I learned making an app for my family,other,116,78,chabad360,2026-05-11T05:08:06+00:00
48049343,From Buffon's Needle to Buffon's Noodle,other,17,6,_alternator_,2026-05-11T05:08:06+00:00
48075493,When an iPhone Backup is not a Backup,other,10,2,nacho-daddy,2026-05-11T05:08:06+00:00
48067197,What we lost the last time code got cheap,technology,122,116,speckx,2026-05-11T05:08:06+00:00
47993240,Comparing the Z80 and 6502 to Their Relatives,other,140,33,ibobev,2026-05-11T05:08:06+00:00
48006402,GameStop makes $55.5B takeover offer for eBay,sports,711,693,n1b0m,2026-05-11T05:08:06+00:00
48050540,Motherboard sales 'collapse' amid unprecedented shortages fueled by AI,technology,295,342,speckx,2026-05-11T05:08:06+00:00
48046023,Show HN: Agent-skills-eval – Test whether Agent Skills improve outputs,entertainment,76,36,darkrishabh,2026-05-11T05:08:06+00:00
48026710,"The brave souls who bought a used, 340k-mile rental camper van",other,71,55,PaulHoule,2026-05-11T05:08:06+00:00
48056359,Gambling ads on social media reach more than twice as many men as women: study,science,97,82,hhs,2026-05-11T05:08:06+00:00
48039150,Boosting multimodal inference performance by >10% with a single Python dict,other,16,0,jxmorris12,2026-05-11T05:08:06+00:00
48083101,Physics (2021),science,6,0,Tomte,2026-05-11T05:08:06+00:00
48049160,How Cloudflare responded to the “Copy Fail” Linux vulnerability,technology,103,82,mobeigi,2026-05-11T05:08:06+00:00
48021561,iOS 27 is adding a 'Create a Pass' button to Apple Wallet,other,434,318,alentodorov,2026-05-11T05:08:06+00:00
48008083,PyInfra 3.8.0,other,306,107,wowi42,2026-05-11T05:08:06+00:00
48043706,The Old Guard: Confronting America's Gerontocratic Crisis,other,109,231,Caiero,2026-05-11T05:08:06+00:00
48082956,Do you take after your dad's RNA?,other,6,0,ndr42,2026-05-11T05:08:06+00:00
48040002,Learning the Integral of a Diffusion Model,other,158,23,benanne,2026-05-11T05:08:06+00:00
48014521,Boris Cherny: TI-83 Plus Basic Programming Tutorial (2004),other,197,88,suoken,2026-05-11T05:08:06+00:00
48025540,Building my own Vi text editor in BASIC,other,85,48,zeech,2026-05-11T05:08:06+00:00
48024859,Computer Use is 45x more expensive than structured APIs,technology,492,269,palashawas,2026-05-11T05:08:06+00:00
48051025,I switched from Mac to a Lenovo Chromebook,entertainment,134,171,speckx,2026-05-11T05:08:06+00:00
48049963,MPEG-2 Transport Stream Packaging for Media over QUIC Transport,sports,68,23,mondainx,2026-05-11T05:08:06+00:00
48032265,Multi-stroke text effect in CSS,other,366,44,cheeaun,2026-05-11T05:08:06+00:00
48039362,"Google Cloud fraud defense, the next evolution of reCAPTCHA",technology,405,437,unforgivenpasta,2026-05-11T05:08:06+00:00
48031436,Defeating Works by Design's Unpickable Lock [video],other,20,8,zdw,2026-05-11T05:08:06+00:00
48023861,Three Inverse Laws of AI,technology,544,349,blenderob,2026-05-11T05:08:06+00:00
48056128,Let Me Convince You to Be Prolific,other,51,10,herbertl,2026-05-11T05:08:06+00:00
48032461,Knitting bullshit,other,484,206,ColinEberhardt,2026-05-11T05:08:06+00:00
48038019,"Show HN: I built an open-source email builder, alternative to Beefree/Unlayer",technology,163,48,oahmadov,2026-05-11T05:08:06+00:00
48070548,People Hate AI Art,technology,150,172,3dedb728-3f77,2026-05-11T05:08:06+00:00
48031867,245TB Micron 6600 ION Data Center SSD Now Shipping,technology,264,199,neilfrndes,2026-05-11T05:08:06+00:00
48006967,The bottleneck was never the code,technology,583,412,Anon84,2026-05-11T05:08:06+00:00
48012342,Speedup in Lattice Boltzmann Cylinder Flow,other,48,3,kauai1,2026-05-11T05:08:06+00:00
48021368,Today I've made the difficult decision to reduce the size of Coinbase by ~14%,sports,483,800,adrianmsmith,2026-05-11T05:08:06+00:00
48009020,How Monero’s proof of work works,other,316,225,alcazar,2026-05-11T05:08:06+00:00
48069313,Compound drivers of Antarctic sea ice loss and Southern Ocean destratification,other,36,2,littlexsparkee,2026-05-11T05:08:06+00:00
48026773,What makes a good smartphone camera?,other,113,65,zdw,2026-05-11T05:08:06+00:00
48018715,How do I inform Windows that I'm writing a binary file?,other,73,69,ingve,2026-05-11T05:08:06+00:00
48017813,CVE-2026-31431: Copy Fail vs. rootless containers,technology,204,123,averi,2026-05-11T05:08:06+00:00
48079333,Data center drains 30M gals of water — until residents complained of pressure,technology,36,16,thehoff,2026-05-11T05:08:06+00:00
48078510,Blog Post Tells the Time,other,6,0,saeedesmaili,2026-05-11T05:08:06+00:00
48056740,The IT Productivity Paradox (2008),other,28,5,simonpure,2026-05-11T05:08:06+00:00
48053435,Colored Shadow Penumbra,other,37,16,ibobev,2026-05-11T05:08:06+00:00
48037986,Higher usage limits for Claude and a compute deal with SpaceX,science,509,482,meetpateltech,2026-05-11T05:08:06+00:00
48029732,Printing Blogs,other,40,8,fi-le,2026-05-11T05:08:06+00:00
48024129,EEVblog: The 555 Timer is 55 years old [video],other,332,94,brudgers,2026-05-11T05:08:06+00:00
47990491,Farewell to a Giant of Botany,other,108,6,Brajeshwar,2026-05-11T05:08:06+00:00
47983333,Texico: Learn the principles of programming without even touching a computer,technology,226,19,o4c,2026-05-11T05:08:06+00:00
48040622,Inkscape 1.4.4,other,354,107,s1291,2026-05-11T05:08:06+00:00
48059606,Nintendo announces price increases for Nintendo Switch 2,other,233,240,razorbeamz,2026-05-11T05:08:06+00:00
48069949,RISC-V Server Platform Spec Ratified,other,17,8,fork-bomber,2026-05-11T05:08:06+00:00
48084464,'Dirty Frag' Linux flaw one-ups CopyFail with no patches and public root exploit,technology,4,0,Bender,2026-05-11T05:08:06+00:00
48009441,Pomiferous: The most extensive apples (pommes) database,technology,140,50,Ariarule,2026-05-11T05:08:06+00:00
48020063,When everyone has AI and the company still learns nothing,technology,387,273,youngbrioche,2026-05-11T05:08:06+00:00
48030964,"YouTube, your RSS feeds are broken",other,340,116,veeti,2026-05-11T05:08:06+00:00
48062035,Hackers breach JDownloader's website to serve malware-laced downloads,worldnews,117,31,bundie,2026-05-11T05:08:06+00:00
48013919,How OpenAI delivers low-latency voice AI at scale,technology,509,146,Sean-Der,2026-05-11T05:08:06+00:00
48078062,Why do Oregon farms plant red clover every spring?,other,27,5,speckx,2026-05-11T05:08:06+00:00
48019414,The Mathematical Dance Inside Plant Cells,other,75,2,isaacfrond,2026-05-11T05:08:06+00:00
48045462,pg_flight_recorder: Continuously sample PostgreSQL system state via pg_cron,other,16,4,tanelpoder,2026-05-11T05:08:06+00:00
48069463,NetBSD Wii IP6 Webserver,other,9,0,jaypatelani,2026-05-11T05:08:06+00:00
48026349,California farmers to destroy 420k peach trees following Del Monte bankruptcy,other,381,449,littlexsparkee,2026-05-11T05:08:06+00:00
48075645,The context window has been shattered: Subquadratic debuts a 12M token window,other,44,13,gmays,2026-05-11T05:08:06+00:00
48038827,From Supabase to Clerk to Better Auth,other,301,239,stevekrouse,2026-05-11T05:08:06+00:00
48026207,Zuckerberg 'Personally Authorized and Encouraged' Meta's Copyright Infringement,other,493,452,spankibalt,2026-05-11T05:08:06+00:00
48021240,Rolling the Root Key,other,40,3,jandeboevrie,2026-05-11T05:08:06+00:00
48032976,Reverse-engineering the 1998 Ultima Online demo server,other,246,68,notsentient,2026-05-11T05:08:06+00:00
48014325,Formatting a 25M-line codebase overnight,technology,213,107,r00k,2026-05-11T05:08:06+00:00
48028842,"Write some software, give it away for free",technology,372,271,nohell,2026-05-11T05:08:06+00:00
48017948,Train Your Own LLM from Scratch,technology,477,50,kristianpaul,2026-05-11T05:08:06+00:00
48036650,Mythos is the best cybersecurity news in a decade,other,60,56,littlexsparkee,2026-05-11T05:08:06+00:00
48038257,Show HN: Hallucinopedia,entertainment,304,267,bstrama,2026-05-11T05:08:06+00:00
48050732,Show HN: Stage CLI – An easier way of reading your AI generated changes locally,technology,45,32,cpan22,2026-05-11T05:08:06+00:00
48011904,Let's talk about LLMs,technology,195,186,cdrnsf,2026-05-11T05:08:06+00:00
48064236,Sandboxing AIOps and Agentic AI Security,technology,13,0,mendyberger,2026-05-11T05:08:06+00:00
48061344,12K+ JPEGs from NASA's Artemis II Mission,science,13,1,marklit,2026-05-11T05:08:06+00:00
48041316,"Show HN: PHP-fts – Full-text search engine in pure PHP, no extensions",entertainment,88,23,asmodios,2026-05-11T05:08:06+00:00
48084836,Scientists warn Atlantic current at risk of shutting down,worldnews,158,205,ambigious7777,2026-05-11T05:08:06+00:00
48073800,"Lua as a practical ""soft-bedrock"" language",other,8,2,karl42,2026-05-11T05:08:06+00:00
48054981,CVE-2026-42511 Breakdown: RCE in FreeBSD,other,27,1,mmsc,2026-05-11T05:08:06+00:00
48077634,Movies Are Too Long,entertainment,16,12,paulpauper,2026-05-11T05:08:06+00:00
48027191,The mechanical latching memory of an adhesive tape,other,33,15,gnabgib,2026-05-11T05:08:06+00:00
48083773,Typing Is Being Replaced by Whispering–and It's More Annoying,other,6,5,cebert,2026-05-11T05:08:06+00:00
48011184,I am worried about Bun,other,520,349,remote-dev,2026-05-11T05:08:06+00:00
48012735,"Microsoft Edge stores all passwords in memory in clear text, even when unused",other,643,232,cft,2026-05-11T05:08:06+00:00
48081617,The Worlds Left to Conquer,other,14,3,tao_oat,2026-05-11T05:08:06+00:00
47997947,A desktop made for one,other,458,265,xngbuilds,2026-05-11T05:08:06+00:00
48073414,Fiber optic cables can eavesdrop on nearby conversations,other,9,1,signa11,2026-05-11T05:08:06+00:00
47997418,Mercedes-Benz commits to bringing back physical buttons,other,862,510,teleforce,2026-05-11T05:08:06+00:00
47999636,BYOMesh – New LoRa mesh radio offers 100x the bandwidth,other,481,159,nullagent,2026-05-11T05:08:06+00:00
48031109,Telus Uses AI to Alter Call-Agent Accents,technology,235,213,debo_,2026-05-11T05:08:06+00:00
48073480,"Apple May Drop Base $599 MacBook Neo as Chip, DRAM Costs Climb",entertainment,27,9,pjmlp,2026-05-11T05:08:06+00:00
48025687,IBM didn't want Microsoft to use the Tab key to move between dialog fields,other,394,238,SeenNotHeard,2026-05-11T05:08:06+00:00
48079226,macOS 26 adoption rate lower than prior macOS versions,other,14,2,seam_carver,2026-05-11T05:08:06+00:00
47998638,"Batteries Not Included, or Required, for These Smart Home Sensors",other,231,96,gnabgib,2026-05-11T05:08:06+00:00
48018066,Empty Screenings – Finds AMC movie screenings with few or no tickets sold,entertainment,330,267,MrBuddyCasino,2026-05-11T05:08:06+00:00
48075590,Show HN: A search engine for deleted YouTube videos (1.5B+ indexed since 2005),entertainment,13,4,archivarix,2026-05-11T05:08:06+00:00
48081324,Fusion's cost floor: what if the core were free?,other,5,0,helsinkiandrew,2026-05-11T05:08:06+00:00
48078009,The Atari 800 – By Paul Lefebvre,other,16,0,rbanffy,2026-05-11T05:08:06+00:00
48019163,Async Rust never left the MVP state,other,445,264,pjmlp,2026-05-11T05:08:06+00:00
48009747,UK Fuel Price Intelligence – Market analytics from reporting stations,other,194,100,theazureguy,2026-05-11T05:08:06+00:00
48082029,"Arm, the UK and Apple",other,8,0,klelatti,2026-05-11T05:08:06+00:00
48025374,Easy Random Trees,other,32,9,aebtebeten,2026-05-11T05:08:06+00:00
48024358,I'm scared about biological computing,other,280,248,kuberwastaken,2026-05-11T05:08:06+00:00
48081214,Agent Harness Engineering,other,8,0,pretext,2026-05-11T05:08:06+00:00
48070244,Pushing Local Models with Focus and Polish,other,11,0,wrxd,2026-05-11T05:08:06+00:00
48075070,"Callbacks in C++ using template functors (Rich Hickey, 1996)",other,5,0,tosh,2026-05-11T05:08:06+00:00
48081961,In a quest to becoming AI independent,technology,10,2,adlrocha,2026-05-11T05:08:06+00:00
47998664,Underwater robot tracks sperm whale conversations in real time,other,67,20,thedebuglife,2026-05-11T05:08:06+00:00
47996740,I completed 100 Days of Java over 5 years and mapped the journey as a graph,other,71,35,celurian92,2026-05-11T05:08:06+00:00
48059782,Canvas Breach Disrupts Schools and Colleges Nationwide,other,15,0,lschueller,2026-05-11T05:08:06+00:00
47995037,Show HN: Apple's SHARP running in the browser via ONNX runtime web,entertainment,184,46,bring-shrubbery,2026-05-11T05:08:06+00:00
48044696,Three-Em Dash,other,32,9,gregsadetsky,2026-05-11T05:08:06+00:00
48053046,CERN's KiCad component library now open source,other,24,0,Betelgeux,2026-05-11T05:08:06+00:00
48017641,Biscuit,other,125,13,unixfg,2026-05-11T05:08:06+00:00
48071981,The Making of Steven Spielberg's Jurassic Park (2012),other,9,3,susam,2026-05-11T05:08:06+00:00
48069421,Teaching Claude Why,other,8,3,cebert,2026-05-11T05:08:06+00:00
47983467,Why are neural networks and cryptographic ciphers so similar? (2025),other,142,48,jxmorris12,2026-05-11T05:08:06+00:00
48009983,Does Employment Slow Cognitive Decline? Evidence from Labor Market Shocks,other,340,380,littlexsparkee,2026-05-11T05:08:06+00:00
48074589,Boriel BASIC,other,5,0,AlexeyBrin,2026-05-11T05:08:06+00:00
48074520,AutoKernel: Autonomous GPU Kernel Optimization via Iterative Agent-Driven Search,technology,4,0,OsamaJaber,2026-05-11T05:08:06+00:00
48074455,Media over QUIC Demo,other,6,0,simonpure,2026-05-11T05:08:06+00:00
48064373,Hallucinations Undermine Trust; Metacognition Is a Way Forward,worldnews,19,7,gmays,2026-05-11T05:08:06+00:00
48064214,What Causes Lightning? The Answer Keeps Getting More Interesting,other,10,0,ibobev,2026-05-11T05:08:06+00:00
48072945,"Hondurasgate: US, Israeli Plot to Destabilize Mexico, Latin America",other,59,9,vrganj,2026-05-11T05:08:06+00:00
48015397,Agent Skills,other,375,211,BOOSTERHIDROGEN,2026-05-11T05:08:06+00:00
48008074,Newton's law of gravity passes its biggest test,other,159,152,pseudolus,2026-05-11T05:08:06+00:00
48000152,"New statue in London, attributed to Banksy, of a suited man, blinded by a flag",other,570,554,dryadin,2026-05-11T05:08:06+00:00
48032240,Google tools for customizing searches,other,79,20,maxutility,2026-05-11T05:08:06+00:00
48010266,Sierra Raises $950M at $15B Valuation,technology,110,154,doppp,2026-05-11T05:08:06+00:00
47998158,Testing Mac OS on the Apple Network Server 2.0 ROMs,other,92,18,zdw,2026-05-11T05:08:06+00:00
47994946,Researchers print structural colour with an inkjet printer,science,77,16,zeristor,2026-05-11T05:08:06+00:00
48023533,Agents for financial services and insurance,other,256,192,louiereederson,2026-05-11T05:08:06+00:00
47988504,Dav2d,other,618,191,dabinat,2026-05-11T05:08:06+00:00
48073979,A History of IDEs at Google,other,4,0,laurentlb,2026-05-11T05:08:06+00:00
48032617,Behavior-Oriented Concurrency for Python,other,69,9,mpweiher,2026-05-11T05:08:06+00:00
48014868,When networking doesn't work,other,97,15,kencausey,2026-05-11T05:08:06+00:00
47983352,Why does it take so long to release black fan versions?,other,776,300,buildbot,2026-05-11T05:08:06+00:00
48008104,Gap between national food production and food-based dietary guidance (2025),other,89,70,simonebrunozzi,2026-05-11T05:08:06+00:00
48002607,The 'Hidden' Costs of Great Abstractions,other,226,134,jdgr,2026-05-11T05:08:06+00:00
48016880,Zig → Rust porting guide,other,716,547,SergeAx,2026-05-11T05:08:06+00:00
47977990,Using “underdrawings” for accurate text and numbers,other,377,131,samcollins,2026-05-11T05:08:06+00:00
47986331,Docker 29 has changed its default image store for new installs,other,131,85,neitsab,2026-05-11T05:08:06+00:00
48018034,2-D Mathematical Curves,other,97,14,the-mitr,2026-05-11T05:08:06+00:00
48045711,Show HN: Kstack – Skill pack for monitoring/troubleshooting K8s in Claude Code,technology,25,7,andres,2026-05-11T05:08:06+00:00
48073769,Solar on canals reduces water evaporation by 70% and algae growth by 85%,other,32,21,ndr42,2026-05-11T05:08:06+00:00
48009172,Redis array: short story of a long development process,other,317,110,antirez,2026-05-11T05:08:06+00:00
47997486,Security through obscurity is not bad,other,205,214,mobeigi,2026-05-11T05:08:06+00:00
48066322,Bleeding Llama: Critical Unauthenticated Memory Leak in Ollama,other,10,0,nateb2022,2026-05-11T05:08:06+00:00
48053697,Learning OCaml: PPX for Mere Mortals,other,13,1,DASD,2026-05-11T05:08:06+00:00
48080370,Coinbase steep first quarter loss after slide in crypto prices; shares fall 4%,sports,12,5,1vuio0pswjnm7,2026-05-11T05:08:06+00:00
47999460,I recreated the Apple Lisa computer inside an FPGA [video],technology,138,68,cyrc,2026-05-11T05:08:06+00:00
48053091,Mojo Language,other,17,1,melodyogonna,2026-05-11T05:08:06+00:00
48002089,Introduction to Atom,other,137,69,susam,2026-05-11T05:08:06+00:00
47993585,Mouse Pointer as a Mere Mortal,other,95,48,zdw,2026-05-11T05:08:06+00:00
47988592,Do_not_track,other,545,167,RubyGuy,2026-05-11T05:08:06+00:00
48076695,Go Players Disempower Themselves to AI,technology,17,3,momentmaker,2026-05-11T05:08:06+00:00
47984522,Why are there both TMP and TEMP environment variables? (2015),other,216,97,ankitg12,2026-05-11T05:08:06+00:00
48080139,Why saying hello to strangers can be good for you,other,9,0,1659447091,2026-05-11T05:08:06+00:00
48027369,While the King Lives: An Old C Programming Prank in GNU Hello from 1993,other,46,2,bananamogul,2026-05-11T05:08:06+00:00
48051615,Copyfail2,technology,19,1,sickthecat,2026-05-11T05:08:06+00:00
48028546,Why most product tours get skipped,other,207,176,pancomplex,2026-05-11T05:08:06+00:00
48013234,The Thinking Plant's Man (2025),other,59,19,benbreen,2026-05-11T05:08:06+00:00
47990318,This Month in Ladybird – April 2026,other,505,150,richardboegli,2026-05-11T05:08:06+00:00
47991802,A couple million lines of Haskell: Production engineering at Mercury,other,433,231,unignorant,2026-05-11T05:08:06+00:00
47989154,Unsigned sizes: A five year mistake,other,119,149,lerno,2026-05-11T05:08:06+00:00
48012162,Securing a DoD contractor: Finding a multi-tenant authorization vulnerability,other,221,101,bearsyankees,2026-05-11T05:08:06+00:00
48011689,US healthcare marketplaces shared citizenship and race data with ad tech giants,technology,521,169,ZeidJ,2026-05-11T05:08:06+00:00
47993181,"The first photo published in a newspaper, in 1848 (2023)",other,63,26,geuis,2026-05-11T05:08:06+00:00
47985750,Open Design: Use Your Coding Agent as a Design Engine,other,230,92,steveharing1,2026-05-11T05:08:06+00:00
48057294,AWS EC2 outage in use1-az4 (us-east-1),other,46,8,philip1209,2026-05-11T05:08:06+00:00
47979583,Ti-84 Evo,other,600,483,thatxliner,2026-05-11T05:08:06+00:00
47980279,Windows quality update: Progress we've made since March,other,177,525,jovial_cavalier,2026-05-11T05:08:06+00:00
48003549,Make some art with your phone sensors,other,90,23,adm4,2026-05-11T05:08:06+00:00
48002136,DeepClaude – Claude Code agent loop with DeepSeek V4 Pro,technology,676,280,alattaran,2026-05-11T05:08:06+00:00
48026342,Show HN: Explore color palettes inspired by 3000 master painter artworks,technology,214,82,ouli,2026-05-11T05:08:06+00:00
48011440,The Visible Zorker: Zork 3,other,77,10,zarlez,2026-05-11T05:08:06+00:00
47999656,Show HN: Ableton Live MCP,entertainment,122,79,bschoepke,2026-05-11T05:08:06+00:00
48011603,Stop big tech from making users behave in ways they don't want to,technology,307,182,andsoitis,2026-05-11T05:08:06+00:00
48045226,SQLite Archive Files,other,21,0,tehlike,2026-05-11T05:08:06+00:00
48067790,Let’s Encrypt: Stopping Issuance for Potential Incident – Resolved,other,144,90,rbaudibert,2026-05-11T05:08:06+00:00
48062033,Show HN: NanoCorp – Create autonomous companies run by AI,technology,14,6,AdrienBA,2026-05-11T05:08:06+00:00
48066038,Court to DOGE: Asking ChatGPT 'Is This DEI?' Is Not Proper Legal Process,other,98,17,hn_acker,2026-05-11T05:08:06+00:00
48031769,Ombudsman column: The Pentagon is trying to silence me,other,352,120,petethomas,2026-05-11T05:08:06+00:00
48052037,Notes on the xAI/Anthropic data center deal,technology,24,1,droidjj,2026-05-11T05:08:06+00:00
48083703,AI Is Forcing CEOs to Make a Stark Choice: Lay Off Workers or Make Them Do More,technology,14,5,gpi,2026-05-11T05:08:06+00:00
48061671,Eisenstein– exact hexagonal arithmetic for Rust (zero drift after 10k rotations),other,7,0,SuperInstance,2026-05-11T05:08:06+00:00
47981979,A physics engine with incremental rollback for multiplayer games,sports,127,40,BSTRhino,2026-05-11T05:08:06+00:00
47995757,Nuclear receptor 4A1 linked to health effects of coffee: study,science,147,115,pseudolus,2026-05-11T05:08:06+00:00
48055765,Why Don't Lowercase Letters Come Right After Uppercase Letters in ASCII?,other,23,0,alpaylan,2026-05-11T05:08:06+00:00
47990675,The agent harness belongs outside the sandbox,other,180,121,shad42,2026-05-11T05:08:06+00:00
48006445,Trademark violation: Fake Notepad++ for Mac,other,633,304,maxloh,2026-05-11T05:08:06+00:00
48044311,The Vatican's Website in Latin,other,186,137,ks2048,2026-05-11T05:08:06+00:00
48038864,Going Full Time on Open Source,other,200,43,thunderbong,2026-05-11T05:08:06+00:00
48024164,Finding the differences in a series of power supplies,other,58,7,LabsLucas,2026-05-11T05:08:06+00:00
48085315,IPCC's RCP8.5 Is Officially Dead: Climate Science's Biggest Shift in Decades,worldnews,6,1,vixen99,2026-05-11T05:08:06+00:00
47986136,Refusal in Language Models Is Mediated by a Single Direction,other,117,45,fagnerbrack,2026-05-11T05:08:06+00:00
48009840,1966 Ford Mustang Converted into a Tesla with Working 'Full Self-Driving',other,202,176,Brajeshwar,2026-05-11T05:08:06+00:00
48013083,Perturb-MARS: Reading mouse experiments through a human lens,other,24,5,crescit_eundo,2026-05-11T05:08:06+00:00
48000028,Why TUIs are back,other,422,420,rickcarlino,2026-05-11T05:08:06+00:00
47990606,Six years perfecting maps on watchOS,other,455,120,valzevul,2026-05-11T05:08:06+00:00
48047970,"LinkedIn profile visitor lists belong to the people, says Noyb",other,221,127,robin_reala,2026-05-11T05:08:06+00:00
48066627,Show HN: A lie detector game that reads your pulse through your phone camera,sports,11,4,mrkn1,2026-05-11T05:08:06+00:00
48073978,"Aids Creeps Back in Parts of Zambia, a Year After U.S. Cuts to HIV Assistance",technology,55,18,susiecambria,2026-05-11T05:08:06+00:00
48018080,Kids can bypass some age checks with a drawn-on mustache,other,245,192,dreadsword,2026-05-11T05:08:06+00:00
48054022,Molecular quantum nanosensors functioning in living cells,other,14,3,PaulHoule,2026-05-11T05:08:06+00:00
48054000,A new era for memory-management maintainership,technology,8,0,jzb,2026-05-11T05:08:06+00:00
47988439,pgxbackup: Continuity Support for pgBackRest,other,72,10,Wingy,2026-05-11T05:08:06+00:00
47990789,Clojurists Together – Q2 2026 Open Source Funding Announcement,other,145,26,dragandj,2026-05-11T05:08:06+00:00
48019165,The Frog for Whom the Bell Tolls,other,42,17,anujbans,2026-05-11T05:08:06+00:00
48065429,Amália and the Future of European Portuguese LLMs,technology,5,0,johnbarron,2026-05-11T05:08:06+00:00
48027346,The Traveling Salesdog Problem,other,25,6,wespiser_2018,2026-05-11T05:08:06+00:00
47985958,Show HN: nfsdiag – A NFS diagnostic application,entertainment,83,5,lsferreira42,2026-05-11T05:08:06+00:00
48065329,Hope: A post-transformer architecture for general intelligence at low compute,other,6,0,DarenWatson,2026-05-11T05:08:06+00:00
47996395,The extended predicative Mahlo universe in Martin-Löf type theory (2023),other,30,0,danny00,2026-05-11T05:08:06+00:00
48065204,Handwritten SDKs Are Dead,other,5,1,grinich,2026-05-11T05:08:06+00:00
48026021,GLM-5V-Turbo: Toward a Native Foundation Model for Multimodal Agents,worldnews,163,31,gmays,2026-05-11T05:08:06+00:00
47998946,Southwest Headquarters Tour,other,321,99,KatiMichel,2026-05-11T05:08:06+00:00
48007880,DAG Workflow Engine,other,70,55,blobmty,2026-05-11T05:08:06+00:00
47988781,World's biggest RC A380 [video],other,108,54,NaOH,2026-05-11T05:08:06+00:00
47999391,Collaborative Editing in CodeMirror (2020),technology,60,10,luu,2026-05-11T05:08:06+00:00
48063979,When Semiconductor Materials Misbehave,other,5,0,PaulHoule,2026-05-11T05:08:06+00:00
48035607,Building the deployment tool I wish I had,other,44,5,ruuda,2026-05-11T05:08:06+00:00
